Algoritmo,Número de Clusters,var1,var2,Inércia,Coesão,Coeficiente de Silhueta,Rand Score,Homogeneidade,Completude,Entropia,Matriz de Contingência
KMEANS,2,2,100,199292.47192585573,19419.98560232944,0.2759657250771089,0.7291354920800714,0.3643055038088231,0.36777271224179187,0.6859724830971345,"[[3722, 486], [826, 3090]]"
KMEANS,3,3,100,161399.32665157563,11510.055873349405,0.30044042409448424,0.6871676567069829,0.3841810880148103,0.26888855641751064,0.9894278433447846,"[[223, 235, 3750], [1372, 1755, 789]]"
KMEANS,4,4,100,147057.77757993655,8365.10886054493,0.29592660872632787,0.6957134863875594,0.46269358704924024,0.2950718455435462,1.0858908463788848,"[[240, 112, 3743, 113], [36, 1336, 789, 1755]]"
KMEANS,5,5,100,129426.59639506982,6225.2660823624365,0.2628357585432042,0.6396881210861101,0.5169906504621554,0.24393293057823381,1.4676845441452642,"[[240, 46, 2048, 80, 1794], [36, 1336, 286, 1752, 506]]"
KMEANS,6,6,100,118399.63542492912,4973.452083476235,0.2807107844485724,0.6409772313457547,0.5721669539765556,0.2390591614244395,1.657440109421136,"[[240, 46, 1968, 77, 383, 1494], [36, 1336, 109, 1742, 389, 304]]"
